-- data set
-- customer dataset
INSERT INTO Customers
(first_name, last_name, email, phone, registration_date)
VALUES
('Arun','Kumar','arun1@gmail.com','9876500001','2025-01-01'),
('Bala','Raj','bala2@gmail.com','9876500002','2025-01-02'),
('Charan','Mohan','charan3@gmail.com','9876500003','2025-01-03'),
('Divya','Priya','divya4@gmail.com','9876500004','2025-01-04'),
('Eswar','Kannan','eswar5@gmail.com','9876500005','2025-01-05'),
('Farhan','Ali','farhan6@gmail.com','9876500006','2025-01-06'),
('Gokul','Raj','gokul7@gmail.com','9876500007','2025-01-07'),
('Hari','Prasad','hari8@gmail.com','9876500008','2025-01-08'),
('Indhu','Devi','indhu9@gmail.com','9876500009','2025-01-09'),
('Jeeva','Kumar','jeeva10@gmail.com','9876500010','2025-01-10'),

('Karthik','Raja','karthik11@gmail.com','9876500011','2025-01-11'),
('Lavanya','Sri','lavanya12@gmail.com','9876500012','2025-01-12'),
('Manoj','Kumar','manoj13@gmail.com','9876500013','2025-01-13'),
('Nandhini','Priya','nandhini14@gmail.com','9876500014','2025-01-14'),
('Oviya','Devi','oviya15@gmail.com','9876500015','2025-01-15'),
('Prakash','Raj','prakash16@gmail.com','9876500016','2025-01-16'),
('Qadir','Ali','qadir17@gmail.com','9876500017','2025-01-17'),
('Ramesh','Kumar','ramesh18@gmail.com','9876500018','2025-01-18'),
('Saranya','Sri','saranya19@gmail.com','9876500019','2025-01-19'),
('Tamil','Selvan','tamil20@gmail.com','9876500020','2025-01-20'),

('Udhaya','Kumar','udhaya21@gmail.com','9876500021','2025-01-21'),
('Vignesh','Raj','vignesh22@gmail.com','9876500022','2025-01-22'),
('Waseem','Ali','waseem23@gmail.com','9876500023','2025-01-23'),
('Xavier','Joseph','xavier24@gmail.com','9876500024','2025-01-24'),
('Yamini','Priya','yamini25@gmail.com','9876500025','2025-01-25'),
('Zahir','Khan','zahir26@gmail.com','9876500026','2025-01-26'),
('Ajay','Kumar','ajay27@gmail.com','9876500027','2025-01-27'),
('Bhavya','Devi','bhavya28@gmail.com','9876500028','2025-01-28'),
('Catherine','Mary','catherine29@gmail.com','9876500029','2025-01-29'),
('Dinesh','Raj','dinesh30@gmail.com','9876500030','2025-01-30'),

('Ezhil','Selvan','ezhil31@gmail.com','9876500031','2025-02-01'),
('Fathima','Begum','fathima32@gmail.com','9876500032','2025-02-02'),
('Ganesh','Kumar','ganesh33@gmail.com','9876500033','2025-02-03'),
('Hemalatha','Sri','hema34@gmail.com','9876500034','2025-02-04'),
('Ilango','Raj','ilango35@gmail.com','9876500035','2025-02-05'),
('Janani','Priya','janani36@gmail.com','9876500036','2025-02-06'),
('Kavin','Mohan','kavin37@gmail.com','9876500037','2025-02-07'),
('Lokesh','Raj','lokesh38@gmail.com','9876500038','2025-02-08'),
('Meena','Devi','meena39@gmail.com','9876500039','2025-02-09'),
('Naveen','Kumar','naveen40@gmail.com','9876500040','2025-02-10'),

('Omprakash','Raj','om41@gmail.com','9876500041','2025-02-11'),
('Pavithra','Sri','pavi42@gmail.com','9876500042','2025-02-12'),
('Qureshi','Ali','qureshi43@gmail.com','9876500043','2025-02-13'),
('Ranjith','Kumar','ranjith44@gmail.com','9876500044','2025-02-14'),
('Sangeetha','Devi','sangeetha45@gmail.com','9876500045','2025-02-15'),
('Tharun','Raj','tharun46@gmail.com','9876500046','2025-02-16'),
('Uma','Priya','uma47@gmail.com','9876500047','2025-02-17'),
('Varsha','Sri','varsha48@gmail.com','9876500048','2025-02-18'),
('Wilson','Joseph','wilson49@gmail.com','9876500049','2025-02-19'),
('Yogesh','Kumar','yogesh50@gmail.com','9876500050','2025-02-20'),

('Aakash','Raj','aakash51@gmail.com','9876500051','2025-02-21'),
('Bhuvana','Devi','bhuvana52@gmail.com','9876500052','2025-02-22'),
('Chitra','Priya','chitra53@gmail.com','9876500053','2025-02-23'),
('Deepak','Kumar','deepak54@gmail.com','9876500054','2025-02-24'),
('Elakkiya','Sri','elakkiya55@gmail.com','9876500055','2025-02-25'),
('Francis','Joseph','francis56@gmail.com','9876500056','2025-02-26'),
('Gautham','Raj','gautham57@gmail.com','9876500057','2025-02-27'),
('Harini','Devi','harini58@gmail.com','9876500058','2025-02-28'),
('Irfan','Ali','irfan59@gmail.com','9876500059','2025-03-01'),
('Jothi','Priya','jothi60@gmail.com','9876500060','2025-03-02'),

('Kishore','Kumar','kishore61@gmail.com','9876500061','2025-03-03'),
('Latha','Sri','latha62@gmail.com','9876500062','2025-03-04'),
('Murugan','Raj','murugan63@gmail.com','9876500063','2025-03-05'),
('Nisha','Devi','nisha64@gmail.com','9876500064','2025-03-06'),
('Praveen','Kumar','praveen65@gmail.com','9876500065','2025-03-07'),
('Rahul','Raj','rahul66@gmail.com','9876500066','2025-03-08'),
('Shalini','Priya','shalini67@gmail.com','9876500067','2025-03-09'),
('Tamilselvi','Sri','tamil68@gmail.com','9876500068','2025-03-10'),
('Umesh','Kumar','umesh69@gmail.com','9876500069','2025-03-11'),
('Vasuki','Devi','vasuki70@gmail.com','9876500070','2025-03-12'),

('Anand','Raj','anand71@gmail.com','9876500071','2025-03-13'),
('Bharath','Kumar','bharath72@gmail.com','9876500072','2025-03-14'),
('Cyril','Joseph','cyril73@gmail.com','9876500073','2025-03-15'),
('Dharani','Priya','dharani74@gmail.com','9876500074','2025-03-16'),
('Easwaran','Raj','easwar75@gmail.com','9876500075','2025-03-17'),
('Feroz','Ali','feroz76@gmail.com','9876500076','2025-03-18'),
('Gayathri','Sri','gayathri77@gmail.com','9876500077','2025-03-19'),
('Harish','Kumar','harish78@gmail.com','9876500078','2025-03-20'),
('Iniya','Devi','iniya79@gmail.com','9876500079','2025-03-21'),
('Jagan','Raj','jagan80@gmail.com','9876500080','2025-03-22'),

('Kavitha','Priya','kavi81@gmail.com','9876500081','2025-03-23'),
('Loganathan','Kumar','logan82@gmail.com','9876500082','2025-03-24'),
('Monisha','Sri','monisha83@gmail.com','9876500083','2025-03-25'),
('Naren','Raj','naren84@gmail.com','9876500084','2025-03-26'),
('Omar','Ali','omar85@gmail.com','9876500085','2025-03-27'),
('Pooja','Devi','pooja86@gmail.com','9876500086','2025-03-28'),
('Rohit','Kumar','rohit87@gmail.com','9876500087','2025-03-29'),
('Sneha','Priya','sneha88@gmail.com','9876500088','2025-03-30'),
('Thiru','Raj','thiru89@gmail.com','9876500089','2025-03-31'),
('Usha','Sri','usha90@gmail.com','9876500090','2025-04-01'),

('Vimal','Kumar','vimal91@gmail.com','9876500091','2025-04-02'),
('Yash','Raj','yash92@gmail.com','9876500092','2025-04-03'),
('Zoya','Ali','zoya93@gmail.com','9876500093','2025-04-04'),
('Abinaya','Priya','abi94@gmail.com','9876500094','2025-04-05'),
('Balaji','Kumar','balaji95@gmail.com','9876500095','2025-04-06'),
('Chandru','Raj','chandru96@gmail.com','9876500096','2025-04-07'),
('Deepa','Sri','deepa97@gmail.com','9876500097','2025-04-08'),
('Elango','Kumar','elango98@gmail.com','9876500098','2025-04-09'),
('Fiona','Mary','fiona99@gmail.com','9876500099','2025-04-10'),
('Girish','Raj','girish100@gmail.com','9876500100','2025-04-11');

-- Address
INSERT INTO Addresses
(customer_id, address_line, city, state, pincode)
VALUES
(1,'12 Gandhi Street','Chennai','Tamil Nadu','600001'),
(2,'45 Anna Nagar','Madurai','Tamil Nadu','625001'),
(3,'78 Lake View Road','Coimbatore','Tamil Nadu','641001'),
(4,'23 MG Road','Salem','Tamil Nadu','636001'),
(5,'56 Temple Street','Trichy','Tamil Nadu','620001'),
(6,'89 Park Avenue','Erode','Tamil Nadu','638001'),
(7,'34 Main Road','Vellore','Tamil Nadu','632001'),
(8,'67 Cross Street','Tirunelveli','Tamil Nadu','627001'),
(9,'90 Market Road','Thoothukudi','Tamil Nadu','628001'),
(10,'15 School Street','Karur','Tamil Nadu','639001'),

(11,'22 Gandhi Street','Chennai','Tamil Nadu','600002'),
(12,'35 Anna Nagar','Madurai','Tamil Nadu','625002'),
(13,'48 Lake View Road','Coimbatore','Tamil Nadu','641002'),
(14,'61 MG Road','Salem','Tamil Nadu','636002'),
(15,'74 Temple Street','Trichy','Tamil Nadu','620002'),
(16,'87 Park Avenue','Erode','Tamil Nadu','638002'),
(17,'91 Main Road','Vellore','Tamil Nadu','632002'),
(18,'13 Cross Street','Tirunelveli','Tamil Nadu','627002'),
(19,'26 Market Road','Thoothukudi','Tamil Nadu','628002'),
(20,'39 School Street','Karur','Tamil Nadu','639002'),

(21,'52 Gandhi Street','Chennai','Tamil Nadu','600003'),
(22,'65 Anna Nagar','Madurai','Tamil Nadu','625003'),
(23,'78 Lake View Road','Coimbatore','Tamil Nadu','641003'),
(24,'81 MG Road','Salem','Tamil Nadu','636003'),
(25,'94 Temple Street','Trichy','Tamil Nadu','620003'),
(26,'17 Park Avenue','Erode','Tamil Nadu','638003'),
(27,'28 Main Road','Vellore','Tamil Nadu','632003'),
(28,'43 Cross Street','Tirunelveli','Tamil Nadu','627003'),
(29,'56 Market Road','Thoothukudi','Tamil Nadu','628003'),
(30,'69 School Street','Karur','Tamil Nadu','639003'),

(31,'72 Gandhi Street','Chennai','Tamil Nadu','600004'),
(32,'85 Anna Nagar','Madurai','Tamil Nadu','625004'),
(33,'98 Lake View Road','Coimbatore','Tamil Nadu','641004'),
(34,'11 MG Road','Salem','Tamil Nadu','636004'),
(35,'24 Temple Street','Trichy','Tamil Nadu','620004'),
(36,'37 Park Avenue','Erode','Tamil Nadu','638004'),
(37,'48 Main Road','Vellore','Tamil Nadu','632004'),
(38,'63 Cross Street','Tirunelveli','Tamil Nadu','627004'),
(39,'76 Market Road','Thoothukudi','Tamil Nadu','628004'),
(40,'89 School Street','Karur','Tamil Nadu','639004'),

(41,'92 Gandhi Street','Chennai','Tamil Nadu','600005'),
(42,'14 Anna Nagar','Madurai','Tamil Nadu','625005'),
(43,'27 Lake View Road','Coimbatore','Tamil Nadu','641005'),
(44,'38 MG Road','Salem','Tamil Nadu','636005'),
(45,'49 Temple Street','Trichy','Tamil Nadu','620005'),
(46,'58 Park Avenue','Erode','Tamil Nadu','638005'),
(47,'67 Main Road','Vellore','Tamil Nadu','632005'),
(48,'79 Cross Street','Tirunelveli','Tamil Nadu','627005'),
(49,'82 Market Road','Thoothukudi','Tamil Nadu','628005'),
(50,'95 School Street','Karur','Tamil Nadu','639005'),

(51,'16 Gandhi Street','Chennai','Tamil Nadu','600006'),
(52,'29 Anna Nagar','Madurai','Tamil Nadu','625006'),
(53,'34 Lake View Road','Coimbatore','Tamil Nadu','641006'),
(54,'47 MG Road','Salem','Tamil Nadu','636006'),
(55,'53 Temple Street','Trichy','Tamil Nadu','620006'),
(56,'66 Park Avenue','Erode','Tamil Nadu','638006'),
(57,'71 Main Road','Vellore','Tamil Nadu','632006'),
(58,'84 Cross Street','Tirunelveli','Tamil Nadu','627006'),
(59,'93 Market Road','Thoothukudi','Tamil Nadu','628006'),
(60,'18 School Street','Karur','Tamil Nadu','639006'),

(61,'25 Gandhi Street','Chennai','Tamil Nadu','600007'),
(62,'36 Anna Nagar','Madurai','Tamil Nadu','625007'),
(63,'49 Lake View Road','Coimbatore','Tamil Nadu','641007'),
(64,'52 MG Road','Salem','Tamil Nadu','636007'),
(65,'64 Temple Street','Trichy','Tamil Nadu','620007'),
(66,'77 Park Avenue','Erode','Tamil Nadu','638007'),
(67,'88 Main Road','Vellore','Tamil Nadu','632007'),
(68,'12 Cross Street','Tirunelveli','Tamil Nadu','627007'),
(69,'24 Market Road','Thoothukudi','Tamil Nadu','628007'),
(70,'35 School Street','Karur','Tamil Nadu','639007'),

(71,'46 Gandhi Street','Chennai','Tamil Nadu','600008'),
(72,'57 Anna Nagar','Madurai','Tamil Nadu','625008'),
(73,'68 Lake View Road','Coimbatore','Tamil Nadu','641008'),
(74,'79 MG Road','Salem','Tamil Nadu','636008'),
(75,'81 Temple Street','Trichy','Tamil Nadu','620008'),
(76,'92 Park Avenue','Erode','Tamil Nadu','638008'),
(77,'14 Main Road','Vellore','Tamil Nadu','632008'),
(78,'26 Cross Street','Tirunelveli','Tamil Nadu','627008'),
(79,'37 Market Road','Thoothukudi','Tamil Nadu','628008'),
(80,'48 School Street','Karur','Tamil Nadu','639008'),

(81,'59 Gandhi Street','Chennai','Tamil Nadu','600009'),
(82,'63 Anna Nagar','Madurai','Tamil Nadu','625009'),
(83,'75 Lake View Road','Coimbatore','Tamil Nadu','641009'),
(84,'86 MG Road','Salem','Tamil Nadu','636009'),
(85,'97 Temple Street','Trichy','Tamil Nadu','620009'),
(86,'19 Park Avenue','Erode','Tamil Nadu','638009'),
(87,'31 Main Road','Vellore','Tamil Nadu','632009'),
(88,'42 Cross Street','Tirunelveli','Tamil Nadu','627009'),
(89,'54 Market Road','Thoothukudi','Tamil Nadu','628009'),
(90,'65 School Street','Karur','Tamil Nadu','639009'),

(91,'76 Gandhi Street','Chennai','Tamil Nadu','600010'),
(92,'87 Anna Nagar','Madurai','Tamil Nadu','625010'),
(93,'98 Lake View Road','Coimbatore','Tamil Nadu','641010'),
(94,'21 MG Road','Salem','Tamil Nadu','636010'),
(95,'32 Temple Street','Trichy','Tamil Nadu','620010'),
(96,'43 Park Avenue','Erode','Tamil Nadu','638010'),
(97,'54 Main Road','Vellore','Tamil Nadu','632010'),
(98,'65 Cross Street','Tirunelveli','Tamil Nadu','627010'),
(99,'76 Market Road','Thoothukudi','Tamil Nadu','628010'),
(100,'87 School Street','Karur','Tamil Nadu','639010');

-- categories
INSERT INTO Categories (category_name)
VALUES
('Electronics'),
('Mobile Phones'),
('Laptops'),
('Fashion'),
('Men Clothing'),
('Women Clothing'),
('Footwear'),
('Beauty & Personal Care'),
('Home & Kitchen'),
('Furniture'),
('Books'),
('Sports & Fitness'),
('Toys & Games'),
('Groceries'),
('Health & Wellness'),
('Watches'),
('Jewelry'),
('Automotive'),
('Pet Supplies'),
('Office Supplies');

-- products
INSERT INTO Products
(category_id, product_name, price, stock_quantity)
VALUES
-- Electronics
(1,'Smart TV 43 Inch',29999.00,50),
(1,'Bluetooth Speaker',2499.00,120),
(1,'Wireless Earbuds',1999.00,150),
(1,'Digital Camera',45999.00,25),
(1,'Power Bank 20000mAh',1499.00,200),

-- Mobile Phones
(2,'Samsung Galaxy A55',38999.00,40),
(2,'iPhone 15',69999.00,30),
(2,'OnePlus 13R',42999.00,35),
(2,'Realme GT',27999.00,45),
(2,'Redmi Note 14',18999.00,60),

-- Laptops
(3,'Dell Inspiron 15',58999.00,25),
(3,'HP Pavilion',64999.00,20),
(3,'Lenovo IdeaPad',54999.00,30),
(3,'MacBook Air M3',114999.00,15),
(3,'Asus VivoBook',49999.00,28),

-- Fashion
(4,'Casual Shirt',899.00,100),
(4,'Formal Shirt',1299.00,80),
(4,'Slim Fit Jeans',1499.00,90),
(4,'Hoodie Jacket',1799.00,70),
(4,'Cotton T-Shirt',599.00,150),

-- Men Clothing
(5,'Men Polo T-Shirt',799.00,120),
(5,'Men Cargo Pants',1399.00,75),
(5,'Men Blazer',3499.00,40),
(5,'Men Kurta',999.00,60),
(5,'Men Shorts',699.00,100),

-- Women Clothing
(6,'Women Kurti',1199.00,90),
(6,'Women Saree',2499.00,50),
(6,'Women Leggings',499.00,140),
(6,'Women Top',799.00,120),
(6,'Women Jacket',1899.00,60),

-- Footwear
(7,'Running Shoes',2499.00,80),
(7,'Formal Shoes',2999.00,60),
(7,'Sneakers',2199.00,100),
(7,'Sandals',999.00,120),
(7,'Sports Shoes',2799.00,70),

-- Beauty & Personal Care
(8,'Face Wash',299.00,200),
(8,'Body Lotion',399.00,150),
(8,'Shampoo',249.00,180),
(8,'Perfume',999.00,80),
(8,'Hair Oil',199.00,220),

-- Home & Kitchen
(9,'Mixer Grinder',3499.00,40),
(9,'Pressure Cooker',1999.00,50),
(9,'Water Bottle',299.00,180),
(9,'Dinner Set',1499.00,60),
(9,'Electric Kettle',899.00,90),

-- Furniture
(10,'Office Chair',4999.00,25),
(10,'Study Table',6999.00,20),
(10,'Wooden Cot',15999.00,10),
(10,'Sofa Set',24999.00,8),
(10,'Bookshelf',3999.00,15),

-- Books
(11,'Python Programming',599.00,100),
(11,'SQL for Beginners',499.00,120),
(11,'Data Science Handbook',799.00,80),
(11,'Machine Learning Basics',899.00,70),
(11,'Web Development Guide',699.00,90),

-- Sports & Fitness
(12,'Cricket Bat',1499.00,60),
(12,'Football',899.00,80),
(12,'Yoga Mat',699.00,120),
(12,'Dumbbell Set',2499.00,40),
(12,'Tennis Racket',1999.00,30),

-- Toys & Games
(13,'Remote Control Car',1299.00,70),
(13,'Building Blocks',899.00,100),
(13,'Puzzle Game',499.00,120),
(13,'Toy Train',999.00,60),
(13,'Chess Board',699.00,80),

-- Groceries
(14,'Basmati Rice 5kg',699.00,150),
(14,'Sunflower Oil 1L',179.00,200),
(14,'Sugar 1kg',49.00,300),
(14,'Wheat Flour 5kg',249.00,180),
(14,'Tea Powder 500g',199.00,120),

-- Health & Wellness
(15,'Vitamin C Tablets',399.00,120),
(15,'Protein Powder',1999.00,50),
(15,'Hand Sanitizer',99.00,250),
(15,'Digital Thermometer',299.00,100),
(15,'First Aid Kit',499.00,80),

-- Watches
(16,'Analog Watch',1499.00,70),
(16,'Smart Watch',3499.00,60),
(16,'Sports Watch',1999.00,50),
(16,'Luxury Watch',7999.00,20),
(16,'Kids Watch',799.00,80),

-- Jewelry
(17,'Gold Plated Chain',2499.00,30),
(17,'Silver Ring',999.00,60),
(17,'Diamond Pendant',15999.00,10),
(17,'Bracelet',1299.00,50),
(17,'Earrings',799.00,90),

-- Automotive
(18,'Car Vacuum Cleaner',1499.00,50),
(18,'Bike Helmet',1299.00,80),
(18,'Car Cover',999.00,70),
(18,'Tyre Inflator',1799.00,40),
(18,'Phone Holder',399.00,120),

-- Pet Supplies
(19,'Dog Food 3kg',899.00,90),
(19,'Cat Food 2kg',699.00,80),
(19,'Pet Shampoo',299.00,100),
(19,'Dog Leash',399.00,120),
(19,'Pet Toy Ball',199.00,150),

-- Office Supplies
(20,'Notebook Pack',299.00,200),
(20,'Ball Pen Set',149.00,300),
(20,'Printer Paper A4',399.00,180),
(20,'Desk Organizer',499.00,90),
(20,'Stapler Machine',249.00,120);

-- suppliers
INSERT INTO Suppliers
(supplier_name, contact_number, email)
VALUES
('Tech Distributors Pvt Ltd','9877000001','techdistributors@gmail.com'),
('Mobile World Suppliers','9877000002','mobileworld@gmail.com'),
('Laptop Hub India','9877000003','laptophub@gmail.com'),
('Fashion Trends Wholesale','9877000004','fashiontrends@gmail.com'),
('Mens Wear Suppliers','9877000005','menswear@gmail.com'),
('Womens Choice Distributors','9877000006','womenschoice@gmail.com'),
('Footwear Mart','9877000007','footwearmart@gmail.com'),
('Beauty Essentials Pvt Ltd','9877000008','beautyessentials@gmail.com'),
('Home Needs Suppliers','9877000009','homeneeds@gmail.com'),
('Furniture Zone','9877000010','furniturezone@gmail.com'),

('Book Planet Distributors','9877000011','bookplanet@gmail.com'),
('Sports Gear India','9877000012','sportsgear@gmail.com'),
('Toy Kingdom Suppliers','9877000013','toykingdom@gmail.com'),
('Fresh Grocery Wholesale','9877000014','freshgrocery@gmail.com'),
('Health Care Traders','9877000015','healthcare@gmail.com'),
('Watch Gallery Suppliers','9877000016','watchgallery@gmail.com'),
('Jewelry House','9877000017','jewelryhouse@gmail.com'),
('Auto Parts Hub','9877000018','autoparts@gmail.com'),
('Pet Care Suppliers','9877000019','petcare@gmail.com'),
('Office Stationery World','9877000020','stationeryworld@gmail.com'),

('Electro Max Traders','9877000021','electromax@gmail.com'),
('Smart Gadgets Wholesale','9877000022','smartgadgets@gmail.com'),
('Premium Electronics','9877000023','premiumelectronics@gmail.com'),
('Urban Fashion Hub','9877000024','urbanfashion@gmail.com'),
('Kitchen King Suppliers','9877000025','kitchenking@gmail.com'),
('Fit Life Distributors','9877000026','fitlife@gmail.com'),
('Digital Accessories Ltd','9877000027','digitalaccessories@gmail.com'),
('Retail Supply Chain Pvt Ltd','9877000028','retailsupply@gmail.com'),
('National Wholesale Traders','9877000029','nationalwholesale@gmail.com'),
('Global Product Suppliers','9877000030','globalproducts@gmail.com');

-- product_supliers
INSERT INTO Product_Suppliers (product_id, supplier_id)
VALUES
(1,1),(2,2),(3,3),(4,4),(5,5),
(6,6),(7,7),(8,8),(9,9),(10,10),
(11,11),(12,12),(13,13),(14,14),(15,15),
(16,16),(17,17),(18,18),(19,19),(20,20),
(21,21),(22,22),(23,23),(24,24),(25,25),
(26,26),(27,27),(28,28),(29,29),(30,30),

(31,1),(32,2),(33,3),(34,4),(35,5),
(36,6),(37,7),(38,8),(39,9),(40,10),
(41,11),(42,12),(43,13),(44,14),(45,15),
(46,16),(47,17),(48,18),(49,19),(50,20),
(51,21),(52,22),(53,23),(54,24),(55,25),
(56,26),(57,27),(58,28),(59,29),(60,30),

(61,1),(62,2),(63,3),(64,4),(65,5),
(66,6),(67,7),(68,8),(69,9),(70,10),
(71,11),(72,12),(73,13),(74,14),(75,15),
(76,16),(77,17),(78,18),(79,19),(80,20),
(81,21),(82,22),(83,23),(84,24),(85,25),
(86,26),(87,27),(88,28),(89,29),(90,30),

(91,1),(92,2),(93,3),(94,4),(95,5),
(96,6),(97,7),(98,8),(99,9),(100,10);

-- shopping card
INSERT INTO Shopping_Cart (customer_id, created_date)
VALUES
(1,'2025-05-01'),
(2,'2025-05-01'),
(3,'2025-05-02'),
(4,'2025-05-02'),
(5,'2025-05-03'),
(6,'2025-05-03'),
(7,'2025-05-04'),
(8,'2025-05-04'),
(9,'2025-05-05'),
(10,'2025-05-05'),

(11,'2025-05-06'),
(12,'2025-05-06'),
(13,'2025-05-07'),
(14,'2025-05-07'),
(15,'2025-05-08'),
(16,'2025-05-08'),
(17,'2025-05-09'),
(18,'2025-05-09'),
(19,'2025-05-10'),
(20,'2025-05-10'),

(21,'2025-05-11'),
(22,'2025-05-11'),
(23,'2025-05-12'),
(24,'2025-05-12'),
(25,'2025-05-13'),
(26,'2025-05-13'),
(27,'2025-05-14'),
(28,'2025-05-14'),
(29,'2025-05-15'),
(30,'2025-05-15'),

(31,'2025-05-16'),
(32,'2025-05-16'),
(33,'2025-05-17'),
(34,'2025-05-17'),
(35,'2025-05-18'),
(36,'2025-05-18'),
(37,'2025-05-19'),
(38,'2025-05-19'),
(39,'2025-05-20'),
(40,'2025-05-20'),

(41,'2025-05-21'),
(42,'2025-05-21'),
(43,'2025-05-22'),
(44,'2025-05-22'),
(45,'2025-05-23'),
(46,'2025-05-23'),
(47,'2025-05-24'),
(48,'2025-05-24'),
(49,'2025-05-25'),
(50,'2025-05-25'),

(51,'2025-05-26'),
(52,'2025-05-26'),
(53,'2025-05-27'),
(54,'2025-05-27'),
(55,'2025-05-28'),
(56,'2025-05-28'),
(57,'2025-05-29'),
(58,'2025-05-29'),
(59,'2025-05-30'),
(60,'2025-05-30'),

(61,'2025-05-31'),
(62,'2025-05-31'),
(63,'2025-06-01'),
(64,'2025-06-01'),
(65,'2025-06-02'),
(66,'2025-06-02'),
(67,'2025-06-03'),
(68,'2025-06-03'),
(69,'2025-06-04'),
(70,'2025-06-04'),

(71,'2025-06-05'),
(72,'2025-06-05'),
(73,'2025-06-06'),
(74,'2025-06-06'),
(75,'2025-06-07'),
(76,'2025-06-07'),
(77,'2025-06-08'),
(78,'2025-06-08'),
(79,'2025-06-09'),
(80,'2025-06-09'),

(81,'2025-06-10'),
(82,'2025-06-10'),
(83,'2025-06-11'),
(84,'2025-06-11'),
(85,'2025-06-12'),
(86,'2025-06-12'),
(87,'2025-06-13'),
(88,'2025-06-13'),
(89,'2025-06-14'),
(90,'2025-06-14'),

(91,'2025-06-15'),
(92,'2025-06-15'),
(93,'2025-06-16'),
(94,'2025-06-16'),
(95,'2025-06-17'),
(96,'2025-06-17'),
(97,'2025-06-18'),
(98,'2025-06-18'),
(99,'2025-06-19'),
(100,'2025-06-19');
 
-- card items
INSERT INTO Cart_Items (cart_id, product_id, quantity)
VALUES
(1,1,2),
(1,15,1),

(2,2,1),
(2,18,3),

(3,3,2),
(3,25,1),

(4,4,1),
(4,30,2),

(5,5,2),
(5,35,1),

(6,6,1),
(6,40,2),

(7,7,3),
(7,45,1),

(8,8,2),
(8,50,1),

(9,9,1),
(9,55,2),

(10,10,2),
(10,60,1),

(11,11,1),
(11,65,2),

(12,12,2),
(12,70,1),

(13,13,1),
(13,75,2),

(14,14,2),
(14,80,1),

(15,15,1),
(15,85,2),

(16,16,2),
(16,90,1),

(17,17,1),
(17,95,2),

(18,18,2),
(18,100,1),

(19,19,1),
(19,20,2),

(20,20,2),
(20,25,1),

(21,21,1),
(21,30,2),

(22,22,2),
(22,35,1),

(23,23,1),
(23,40,2),

(24,24,2),
(24,45,1),

(25,25,1),
(25,50,2),

(26,26,2),
(26,55,1),

(27,27,1),
(27,60,2),

(28,28,2),
(28,65,1),

(29,29,1),
(29,70,2),

(30,30,2),
(30,75,1),

(31,31,1),
(31,80,2),

(32,32,2),
(32,85,1),

(33,33,1),
(33,90,2),

(34,34,2),
(34,95,1),

(35,35,1),
(35,100,2),

(36,36,2),
(36,5,1),

(37,37,1),
(37,10,2),

(38,38,2),
(38,15,1),

(39,39,1),
(39,20,2),

(40,40,2),
(40,25,1),

(41,41,1),
(41,30,2),

(42,42,2),
(42,35,1),

(43,43,1),
(43,40,2),

(44,44,2),
(44,45,1),

(45,45,1),
(45,50,2),

(46,46,2),
(46,55,1),

(47,47,1),
(47,60,2),

(48,48,2),
(48,65,1),

(49,49,1),
(49,70,2),

(50,50,2),
(50,75,1);

-- orders

INSERT INTO Orders
(customer_id, order_date, total_amount, order_status)
VALUES
(1,'2025-06-01',29999.00,'Delivered'),
(2,'2025-06-01',38999.00,'Delivered'),
(3,'2025-06-02',54999.00,'Delivered'),
(4,'2025-06-02',1799.00,'Delivered'),
(5,'2025-06-03',2499.00,'Shipped'),
(6,'2025-06-03',1999.00,'Delivered'),
(7,'2025-06-04',899.00,'Delivered'),
(8,'2025-06-04',24999.00,'Delivered'),
(9,'2025-06-05',699.00,'Delivered'),
(10,'2025-06-05',1499.00,'Delivered'),

(11,'2025-06-06',3499.00,'Shipped'),
(12,'2025-06-06',799.00,'Delivered'),
(13,'2025-06-07',1199.00,'Delivered'),
(14,'2025-06-07',2799.00,'Cancelled'),
(15,'2025-06-08',999.00,'Delivered'),
(16,'2025-06-08',3499.00,'Delivered'),
(17,'2025-06-09',4999.00,'Shipped'),
(18,'2025-06-09',599.00,'Delivered'),
(19,'2025-06-10',1499.00,'Delivered'),
(20,'2025-06-10',899.00,'Delivered'),

(21,'2025-06-11',1299.00,'Delivered'),
(22,'2025-06-11',699.00,'Delivered'),
(23,'2025-06-12',699.00,'Shipped'),
(24,'2025-06-12',399.00,'Delivered'),
(25,'2025-06-13',1999.00,'Delivered'),
(26,'2025-06-13',1499.00,'Delivered'),
(27,'2025-06-14',899.00,'Cancelled'),
(28,'2025-06-14',299.00,'Delivered'),
(29,'2025-06-15',3499.00,'Delivered'),
(30,'2025-06-15',999.00,'Shipped'),

(31,'2025-06-16',15999.00,'Delivered'),
(32,'2025-06-16',799.00,'Delivered'),
(33,'2025-06-17',2499.00,'Delivered'),
(34,'2025-06-17',1299.00,'Delivered'),
(35,'2025-06-18',999.00,'Delivered'),
(36,'2025-06-18',399.00,'Delivered'),
(37,'2025-06-19',249.00,'Delivered'),
(38,'2025-06-19',1999.00,'Shipped'),
(39,'2025-06-20',3499.00,'Delivered'),
(40,'2025-06-20',1499.00,'Delivered'),

(41,'2025-06-21',69999.00,'Delivered'),
(42,'2025-06-21',114999.00,'Delivered'),
(43,'2025-06-22',42999.00,'Shipped'),
(44,'2025-06-22',18999.00,'Delivered'),
(45,'2025-06-23',49999.00,'Delivered'),
(46,'2025-06-23',29999.00,'Delivered'),
(47,'2025-06-24',24999.00,'Cancelled'),
(48,'2025-06-24',15999.00,'Delivered'),
(49,'2025-06-25',7999.00,'Delivered'),
(50,'2025-06-25',3499.00,'Delivered'),

(51,'2025-06-26',2499.00,'Shipped'),
(52,'2025-06-26',1999.00,'Delivered'),
(53,'2025-06-27',1499.00,'Delivered'),
(54,'2025-06-27',999.00,'Delivered'),
(55,'2025-06-28',799.00,'Delivered'),
(56,'2025-06-28',699.00,'Delivered'),
(57,'2025-06-29',599.00,'Delivered'),
(58,'2025-06-29',499.00,'Shipped'),
(59,'2025-06-30',399.00,'Delivered'),
(60,'2025-06-30',299.00,'Delivered'),

(61,'2025-07-01',2499.00,'Delivered'),
(62,'2025-07-01',1799.00,'Delivered'),
(63,'2025-07-02',1299.00,'Delivered'),
(64,'2025-07-02',999.00,'Cancelled'),
(65,'2025-07-03',699.00,'Delivered'),
(66,'2025-07-03',499.00,'Delivered'),
(67,'2025-07-04',299.00,'Delivered'),
(68,'2025-07-04',199.00,'Delivered'),
(69,'2025-07-05',899.00,'Shipped'),
(70,'2025-07-05',1499.00,'Delivered'),

(71,'2025-07-06',2499.00,'Delivered'),
(72,'2025-07-06',3499.00,'Delivered'),
(73,'2025-07-07',4499.00,'Delivered'),
(74,'2025-07-07',5499.00,'Shipped'),
(75,'2025-07-08',6499.00,'Delivered'),
(76,'2025-07-08',7499.00,'Delivered'),
(77,'2025-07-09',8499.00,'Delivered'),
(78,'2025-07-09',9499.00,'Cancelled'),
(79,'2025-07-10',10499.00,'Delivered'),
(80,'2025-07-10',11499.00,'Delivered'),

(81,'2025-07-11',12499.00,'Shipped'),
(82,'2025-07-11',13499.00,'Delivered'),
(83,'2025-07-12',14499.00,'Delivered'),
(84,'2025-07-12',15499.00,'Delivered'),
(85,'2025-07-13',16499.00,'Delivered'),
(86,'2025-07-13',17499.00,'Delivered'),
(87,'2025-07-14',18499.00,'Shipped'),
(88,'2025-07-14',19499.00,'Delivered'),
(89,'2025-07-15',20499.00,'Delivered'),
(90,'2025-07-15',21499.00,'Delivered'),

(91,'2025-07-16',22499.00,'Delivered'),
(92,'2025-07-16',23499.00,'Cancelled'),
(93,'2025-07-17',24499.00,'Delivered'),
(94,'2025-07-17',25499.00,'Delivered'),
(95,'2025-07-18',26499.00,'Delivered'),
(96,'2025-07-18',27499.00,'Shipped'),
(97,'2025-07-19',28499.00,'Delivered'),
(98,'2025-07-19',29499.00,'Delivered'),
(99,'2025-07-20',30499.00,'Delivered'),
(100,'2025-07-20',31499.00,'Delivered');

-- order items
INSERT INTO Order_Items
(order_id, product_id, quantity, unit_price)
VALUES
(1,1,1,29999.00),
(2,6,1,38999.00),
(3,11,1,58999.00),
(4,19,2,899.00),
(5,31,1,2499.00),
(6,33,1,1999.00),
(7,16,1,899.00),
(8,49,1,24999.00),
(9,54,1,699.00),
(10,60,1,1499.00),

(11,81,1,3499.00),
(12,21,1,799.00),
(13,26,1,1199.00),
(14,35,1,2799.00),
(15,34,1,999.00),
(16,42,1,3499.00),
(17,46,1,4999.00),
(18,51,1,599.00),
(19,56,1,1499.00),
(20,62,1,899.00),

(21,67,1,1299.00),
(22,72,1,699.00),
(23,73,1,699.00),
(24,79,1,399.00),
(25,83,1,1999.00),
(26,86,1,1499.00),
(27,88,1,899.00),
(28,90,1,299.00),
(29,92,1,3499.00),
(30,95,1,999.00),

(31,47,1,15999.00),
(32,100,1,799.00),
(33,84,1,2499.00),
(34,87,1,1299.00),
(35,89,1,999.00),
(36,91,1,399.00),
(37,96,1,249.00),
(38,63,1,1999.00),
(39,82,1,3499.00),
(40,57,1,1499.00),

(41,7,1,69999.00),
(42,14,1,114999.00),
(43,8,1,42999.00),
(44,10,1,18999.00),
(45,15,1,49999.00),
(46,1,1,29999.00),
(47,49,1,24999.00),
(48,47,1,15999.00),
(49,79,1,7999.00),
(50,82,1,3499.00),

(51,84,1,2499.00),
(52,33,1,1999.00),
(53,56,1,1499.00),
(54,95,1,999.00),
(55,80,1,799.00),
(56,72,1,699.00),
(57,51,1,599.00),
(58,53,1,499.00),
(59,79,1,399.00),
(60,90,1,299.00),

(61,31,1,2499.00),
(62,20,2,899.00),
(63,67,1,1299.00),
(64,95,1,999.00),
(65,73,1,699.00),
(66,53,1,499.00),
(67,90,1,299.00),
(68,85,1,199.00),
(69,62,1,899.00),
(70,56,1,1499.00),

(71,31,1,2499.00),
(72,42,1,3499.00),
(73,46,1,4499.00),
(74,44,1,5499.00),
(75,47,1,6499.00),
(76,48,1,7499.00),
(77,49,1,8499.00),
(78,50,1,9499.00),
(79,79,1,10499.00),
(80,80,1,11499.00),

(81,81,1,12499.00),
(82,82,1,13499.00),
(83,83,1,14499.00),
(84,84,1,15499.00),
(85,85,1,16499.00),
(86,86,1,17499.00),
(87,87,1,18499.00),
(88,88,1,19499.00),
(89,89,1,20499.00),
(90,90,1,21499.00),

(91,91,1,22499.00),
(92,92,1,23499.00),
(93,93,1,24499.00),
(94,94,1,25499.00),
(95,95,1,26499.00),
(96,96,1,27499.00),
(97,97,1,28499.00),
(98,98,1,29499.00),
(99,99,1,30499.00),
(100,100,1,31499.00);

-- payments
INSERT INTO Payments
(order_id, payment_date, amount, payment_method, payment_status)
VALUES
(1,'2025-06-01',29999.00,'UPI','Completed'),
(2,'2025-06-01',38999.00,'Credit Card','Completed'),
(3,'2025-06-02',54999.00,'Net Banking','Completed'),
(4,'2025-06-02',1799.00,'UPI','Completed'),
(5,'2025-06-03',2499.00,'Debit Card','Completed'),
(6,'2025-06-03',1999.00,'UPI','Completed'),
(7,'2025-06-04',899.00,'Cash on Delivery','Completed'),
(8,'2025-06-04',24999.00,'Credit Card','Completed'),
(9,'2025-06-05',699.00,'UPI','Completed'),
(10,'2025-06-05',1499.00,'Debit Card','Completed'),

(11,'2025-06-06',3499.00,'UPI','Completed'),
(12,'2025-06-06',799.00,'Cash on Delivery','Completed'),
(13,'2025-06-07',1199.00,'UPI','Completed'),
(14,'2025-06-07',2799.00,'Credit Card','Refunded'),
(15,'2025-06-08',999.00,'UPI','Completed'),
(16,'2025-06-08',3499.00,'Debit Card','Completed'),
(17,'2025-06-09',4999.00,'Net Banking','Completed'),
(18,'2025-06-09',599.00,'UPI','Completed'),
(19,'2025-06-10',1499.00,'Credit Card','Completed'),
(20,'2025-06-10',899.00,'UPI','Completed'),

(21,'2025-06-11',1299.00,'Debit Card','Completed'),
(22,'2025-06-11',699.00,'UPI','Completed'),
(23,'2025-06-12',699.00,'Cash on Delivery','Completed'),
(24,'2025-06-12',399.00,'UPI','Completed'),
(25,'2025-06-13',1999.00,'Credit Card','Completed'),
(26,'2025-06-13',1499.00,'UPI','Completed'),
(27,'2025-06-14',899.00,'Credit Card','Refunded'),
(28,'2025-06-14',299.00,'UPI','Completed'),
(29,'2025-06-15',3499.00,'Debit Card','Completed'),
(30,'2025-06-15',999.00,'UPI','Completed'),

(31,'2025-06-16',15999.00,'Net Banking','Completed'),
(32,'2025-06-16',799.00,'UPI','Completed'),
(33,'2025-06-17',2499.00,'Credit Card','Completed'),
(34,'2025-06-17',1299.00,'UPI','Completed'),
(35,'2025-06-18',999.00,'Cash on Delivery','Completed'),
(36,'2025-06-18',399.00,'UPI','Completed'),
(37,'2025-06-19',249.00,'UPI','Completed'),
(38,'2025-06-19',1999.00,'Debit Card','Completed'),
(39,'2025-06-20',3499.00,'Credit Card','Completed'),
(40,'2025-06-20',1499.00,'UPI','Completed'),

(41,'2025-06-21',69999.00,'Credit Card','Completed'),
(42,'2025-06-21',114999.00,'Net Banking','Completed'),
(43,'2025-06-22',42999.00,'Credit Card','Completed'),
(44,'2025-06-22',18999.00,'UPI','Completed'),
(45,'2025-06-23',49999.00,'Debit Card','Completed'),
(46,'2025-06-23',29999.00,'Credit Card','Completed'),
(47,'2025-06-24',24999.00,'Credit Card','Refunded'),
(48,'2025-06-24',15999.00,'UPI','Completed'),
(49,'2025-06-25',7999.00,'Debit Card','Completed'),
(50,'2025-06-25',3499.00,'UPI','Completed'),

(51,'2025-06-26',2499.00,'UPI','Completed'),
(52,'2025-06-26',1999.00,'Debit Card','Completed'),
(53,'2025-06-27',1499.00,'UPI','Completed'),
(54,'2025-06-27',999.00,'Cash on Delivery','Completed'),
(55,'2025-06-28',799.00,'UPI','Completed'),
(56,'2025-06-28',699.00,'Credit Card','Completed'),
(57,'2025-06-29',599.00,'UPI','Completed'),
(58,'2025-06-29',499.00,'Debit Card','Completed'),
(59,'2025-06-30',399.00,'UPI','Completed'),
(60,'2025-06-30',299.00,'Cash on Delivery','Completed'),

(61,'2025-07-01',2499.00,'UPI','Completed'),
(62,'2025-07-01',1798.00,'Credit Card','Completed'),
(63,'2025-07-02',1299.00,'Debit Card','Completed'),
(64,'2025-07-02',999.00,'UPI','Refunded'),
(65,'2025-07-03',699.00,'Cash on Delivery','Completed'),
(66,'2025-07-03',499.00,'UPI','Completed'),
(67,'2025-07-04',299.00,'Debit Card','Completed'),
(68,'2025-07-04',199.00,'UPI','Completed'),
(69,'2025-07-05',899.00,'Credit Card','Completed'),
(70,'2025-07-05',1499.00,'UPI','Completed'),

(71,'2025-07-06',2499.00,'Debit Card','Completed'),
(72,'2025-07-06',3499.00,'Credit Card','Completed'),
(73,'2025-07-07',4499.00,'UPI','Completed'),
(74,'2025-07-07',5499.00,'Net Banking','Completed'),
(75,'2025-07-08',6499.00,'Credit Card','Completed'),
(76,'2025-07-08',7499.00,'UPI','Completed'),
(77,'2025-07-09',8499.00,'Debit Card','Completed'),
(78,'2025-07-09',9499.00,'Credit Card','Refunded'),
(79,'2025-07-10',10499.00,'UPI','Completed'),
(80,'2025-07-10',11499.00,'Net Banking','Completed'),

(81,'2025-07-11',12499.00,'Credit Card','Completed'),
(82,'2025-07-11',13499.00,'UPI','Completed'),
(83,'2025-07-12',14499.00,'Debit Card','Completed'),
(84,'2025-07-12',15499.00,'Credit Card','Completed'),
(85,'2025-07-13',16499.00,'UPI','Completed'),
(86,'2025-07-13',17499.00,'Net Banking','Completed'),
(87,'2025-07-14',18499.00,'Credit Card','Completed'),
(88,'2025-07-14',19499.00,'UPI','Completed'),
(89,'2025-07-15',20499.00,'Debit Card','Completed'),
(90,'2025-07-15',21499.00,'Credit Card','Completed'),

(91,'2025-07-16',22499.00,'UPI','Completed'),
(92,'2025-07-16',23499.00,'Credit Card','Refunded'),
(93,'2025-07-17',24499.00,'Net Banking','Completed'),
(94,'2025-07-17',25499.00,'UPI','Completed'),
(95,'2025-07-18',26499.00,'Credit Card','Completed'),
(96,'2025-07-18',27499.00,'Debit Card','Completed'),
(97,'2025-07-19',28499.00,'UPI','Completed'),
(98,'2025-07-19',29499.00,'Credit Card','Completed'),
(99,'2025-07-20',30499.00,'Net Banking','Completed'),
(100,'2025-07-20',31499.00,'UPI','Completed');

-- reviews 
INSERT INTO Reviews
(customer_id, product_id, rating, review_text, review_date)
VALUES
(1,1,5,'Excellent product','2025-06-05'),
(2,2,4,'Good quality','2025-06-05'),
(3,3,5,'Worth the price','2025-06-06'),
(4,4,3,'Average product','2025-06-06'),
(5,5,4,'Satisfied with purchase','2025-06-07'),
(6,6,5,'Highly recommended','2025-06-07'),
(7,7,4,'Good value','2025-06-08'),
(8,8,5,'Amazing quality','2025-06-08'),
(9,9,3,'Can be improved','2025-06-09'),
(10,10,4,'Nice product','2025-06-09'),

(11,11,5,'Excellent laptop','2025-06-10'),
(12,12,4,'Works well','2025-06-10'),
(13,13,5,'Very useful','2025-06-11'),
(14,14,4,'Good performance','2025-06-11'),
(15,15,5,'Loved it','2025-06-12'),
(16,16,4,'Nice design','2025-06-12'),
(17,17,5,'Perfect fit','2025-06-13'),
(18,18,3,'Average quality','2025-06-13'),
(19,19,4,'Comfortable','2025-06-14'),
(20,20,5,'Excellent material','2025-06-14'),

(21,21,4,'Nice clothing','2025-06-15'),
(22,22,5,'Premium quality','2025-06-15'),
(23,23,4,'Good stitching','2025-06-16'),
(24,24,5,'Excellent choice','2025-06-16'),
(25,25,4,'Worth buying','2025-06-17'),
(26,26,5,'Beautiful design','2025-06-17'),
(27,27,4,'Comfortable wear','2025-06-18'),
(28,28,5,'Excellent product','2025-06-18'),
(29,29,3,'Expected better','2025-06-19'),
(30,30,4,'Good purchase','2025-06-19'),

(31,31,5,'Very durable','2025-06-20'),
(32,32,4,'Good for sports','2025-06-20'),
(33,33,5,'Excellent grip','2025-06-21'),
(34,34,4,'Comfortable use','2025-06-21'),
(35,35,5,'Best in category','2025-06-22'),
(36,36,4,'Good fragrance','2025-06-22'),
(37,37,5,'Very effective','2025-06-23'),
(38,38,4,'Nice packaging','2025-06-23'),
(39,39,5,'Excellent quality','2025-06-24'),
(40,40,4,'Good product','2025-06-24'),

(41,41,5,'Works perfectly','2025-06-25'),
(42,42,4,'Useful appliance','2025-06-25'),
(43,43,5,'Easy to use','2025-06-26'),
(44,44,4,'Good value','2025-06-26'),
(45,45,5,'Highly satisfied','2025-06-27'),
(46,46,4,'Comfortable chair','2025-06-27'),
(47,47,5,'Strong build quality','2025-06-28'),
(48,48,4,'Good furniture','2025-06-28'),
(49,49,5,'Excellent sofa','2025-06-29'),
(50,50,4,'Useful shelf','2025-06-29'),

(51,51,5,'Great book','2025-06-30'),
(52,52,4,'Informative','2025-06-30'),
(53,53,5,'Very helpful','2025-07-01'),
(54,54,4,'Easy to understand','2025-07-01'),
(55,55,5,'Recommended read','2025-07-02'),
(56,56,4,'Nice sports item','2025-07-02'),
(57,57,5,'Good quality','2025-07-03'),
(58,58,4,'Useful product','2025-07-03'),
(59,59,5,'Excellent fitness gear','2025-07-04'),
(60,60,4,'Nice racket','2025-07-04'),

(61,61,5,'Kids loved it','2025-07-05'),
(62,62,4,'Fun to play','2025-07-05'),
(63,63,5,'Very engaging','2025-07-06'),
(64,64,4,'Good quality toy','2025-07-06'),
(65,65,5,'Worth the money','2025-07-07'),
(66,66,4,'Fresh product','2025-07-07'),
(67,67,5,'Good grocery item','2025-07-08'),
(68,68,4,'Reasonable price','2025-07-08'),
(69,69,5,'High quality','2025-07-09'),
(70,70,4,'Satisfied','2025-07-09'),

(71,71,5,'Helpful supplement','2025-07-10'),
(72,72,4,'Good health product','2025-07-10'),
(73,73,5,'Very effective','2025-07-11'),
(74,74,4,'Useful device','2025-07-11'),
(75,75,5,'Must have item','2025-07-12'),
(76,76,4,'Stylish watch','2025-07-12'),
(77,77,5,'Looks premium','2025-07-13'),
(78,78,4,'Nice watch','2025-07-13'),
(79,79,5,'Excellent design','2025-07-14'),
(80,80,4,'Good for kids','2025-07-14'),

(81,81,5,'Beautiful jewelry','2025-07-15'),
(82,82,4,'Elegant ring','2025-07-15'),
(83,83,5,'Premium pendant','2025-07-16'),
(84,84,4,'Nice bracelet','2025-07-16'),
(85,85,5,'Lovely earrings','2025-07-17'),
(86,86,4,'Useful accessory','2025-07-17'),
(87,87,5,'Strong helmet','2025-07-18'),
(88,88,4,'Good cover','2025-07-18'),
(89,89,5,'Works perfectly','2025-07-19'),
(90,90,4,'Handy holder','2025-07-19'),

(91,91,5,'Pet loves it','2025-07-20'),
(92,92,4,'Good pet food','2025-07-20'),
(93,93,5,'Nice shampoo','2025-07-21'),
(94,94,4,'Strong leash','2025-07-21'),
(95,95,5,'Fun pet toy','2025-07-22'),
(96,96,4,'Useful notebook','2025-07-22'),
(97,97,5,'Smooth writing pens','2025-07-23'),
(98,98,4,'Good paper quality','2025-07-23'),
(99,99,5,'Keeps desk organized','2025-07-24'),
(100,100,4,'Good stapler','2025-07-24');

-- deliveries
INSERT INTO Deliveries
(order_id, delivery_date, delivery_status, tracking_number)
VALUES
(1,'2025-06-05','Delivered','TRK100001'),
(2,'2025-06-05','Delivered','TRK100002'),
(3,'2025-06-06','Delivered','TRK100003'),
(4,'2025-06-06','Delivered','TRK100004'),
(5,'2025-06-07','Delivered','TRK100005'),
(6,'2025-06-07','Delivered','TRK100006'),
(7,'2025-06-08','Delivered','TRK100007'),
(8,'2025-06-08','Delivered','TRK100008'),
(9,'2025-06-09','Delivered','TRK100009'),
(10,'2025-06-09','Delivered','TRK100010'),

(11,'2025-06-10','Delivered','TRK100011'),
(12,'2025-06-10','Delivered','TRK100012'),
(13,'2025-06-11','Delivered','TRK100013'),
(14,'2025-06-11','Cancelled','TRK100014'),
(15,'2025-06-12','Delivered','TRK100015'),
(16,'2025-06-12','Delivered','TRK100016'),
(17,'2025-06-13','Delivered','TRK100017'),
(18,'2025-06-13','Delivered','TRK100018'),
(19,'2025-06-14','Delivered','TRK100019'),
(20,'2025-06-14','Delivered','TRK100020'),

(21,'2025-06-15','Delivered','TRK100021'),
(22,'2025-06-15','Delivered','TRK100022'),
(23,'2025-06-16','Delivered','TRK100023'),
(24,'2025-06-16','Delivered','TRK100024'),
(25,'2025-06-17','Delivered','TRK100025'),
(26,'2025-06-17','Delivered','TRK100026'),
(27,'2025-06-18','Cancelled','TRK100027'),
(28,'2025-06-18','Delivered','TRK100028'),
(29,'2025-06-19','Delivered','TRK100029'),
(30,'2025-06-19','Delivered','TRK100030'),

(31,'2025-06-20','Delivered','TRK100031'),
(32,'2025-06-20','Delivered','TRK100032'),
(33,'2025-06-21','Delivered','TRK100033'),
(34,'2025-06-21','Delivered','TRK100034'),
(35,'2025-06-22','Delivered','TRK100035'),
(36,'2025-06-22','Delivered','TRK100036'),
(37,'2025-06-23','Delivered','TRK100037'),
(38,'2025-06-23','Delivered','TRK100038'),
(39,'2025-06-24','Delivered','TRK100039'),
(40,'2025-06-24','Delivered','TRK100040'),

(41,'2025-06-25','Delivered','TRK100041'),
(42,'2025-06-25','Delivered','TRK100042'),
(43,'2025-06-26','In Transit','TRK100043'),
(44,'2025-06-26','Delivered','TRK100044'),
(45,'2025-06-27','Delivered','TRK100045'),
(46,'2025-06-27','Delivered','TRK100046'),
(47,'2025-06-28','Cancelled','TRK100047'),
(48,'2025-06-28','Delivered','TRK100048'),
(49,'2025-06-29','Delivered','TRK100049'),
(50,'2025-06-29','Delivered','TRK100050'),

(51,'2025-06-30','Delivered','TRK100051'),
(52,'2025-06-30','Delivered','TRK100052'),
(53,'2025-07-01','Delivered','TRK100053'),
(54,'2025-07-01','Delivered','TRK100054'),
(55,'2025-07-02','Delivered','TRK100055'),
(56,'2025-07-02','Delivered','TRK100056'),
(57,'2025-07-03','Delivered','TRK100057'),
(58,'2025-07-03','In Transit','TRK100058'),
(59,'2025-07-04','Delivered','TRK100059'),
(60,'2025-07-04','Delivered','TRK100060'),

(61,'2025-07-05','Delivered','TRK100061'),
(62,'2025-07-05','Delivered','TRK100062'),
(63,'2025-07-06','Delivered','TRK100063'),
(64,'2025-07-06','Cancelled','TRK100064'),
(65,'2025-07-07','Delivered','TRK100065'),
(66,'2025-07-07','Delivered','TRK100066'),
(67,'2025-07-08','Delivered','TRK100067'),
(68,'2025-07-08','Delivered','TRK100068'),
(69,'2025-07-09','In Transit','TRK100069'),
(70,'2025-07-09','Delivered','TRK100070'),

(71,'2025-07-10','Delivered','TRK100071'),
(72,'2025-07-10','Delivered','TRK100072'),
(73,'2025-07-11','Delivered','TRK100073'),
(74,'2025-07-11','In Transit','TRK100074'),
(75,'2025-07-12','Delivered','TRK100075'),
(76,'2025-07-12','Delivered','TRK100076'),
(77,'2025-07-13','Delivered','TRK100077'),
(78,'2025-07-13','Cancelled','TRK100078'),
(79,'2025-07-14','Delivered','TRK100079'),
(80,'2025-07-14','Delivered','TRK100080'),

(81,'2025-07-15','In Transit','TRK100081'),
(82,'2025-07-15','Delivered','TRK100082'),
(83,'2025-07-16','Delivered','TRK100083'),
(84,'2025-07-16','Delivered','TRK100084'),
(85,'2025-07-17','Delivered','TRK100085'),
(86,'2025-07-17','Delivered','TRK100086'),
(87,'2025-07-18','In Transit','TRK100087'),
(88,'2025-07-18','Delivered','TRK100088'),
(89,'2025-07-19','Delivered','TRK100089'),
(90,'2025-07-19','Delivered','TRK100090'),

(91,'2025-07-20','Delivered','TRK100091'),
(92,'2025-07-20','Cancelled','TRK100092'),
(93,'2025-07-21','Delivered','TRK100093'),
(94,'2025-07-21','Delivered','TRK100094'),
(95,'2025-07-22','Delivered','TRK100095'),
(96,'2025-07-22','In Transit','TRK100096'),
(97,'2025-07-23','Delivered','TRK100097'),
(98,'2025-07-23','Delivered','TRK100098'),
(99,'2025-07-24','Delivered','TRK100099'),
(100,'2025-07-24','Delivered','TRK100100');

-- Wishlist
INSERT INTO Wishlist
(customer_id, product_id)
VALUES
(1,15),
(2,28),
(3,42),
(4,56),
(5,70),
(6,84),
(7,98),
(8,12),
(9,26),
(10,40),

(11,54),
(12,68),
(13,82),
(14,96),
(15,10),
(16,24),
(17,38),
(18,52),
(19,66),
(20,80),

(21,94),
(22,8),
(23,22),
(24,36),
(25,50),
(26,64),
(27,78),
(28,92),
(29,6),
(30,20),

(31,34),
(32,48),
(33,62),
(34,76),
(35,90),
(36,4),
(37,18),
(38,32),
(39,46),
(40,60),

(41,74),
(42,88),
(43,2),
(44,16),
(45,30),
(46,44),
(47,58),
(48,72),
(49,86),
(50,100),

(51,14),
(52,28),
(53,42),
(54,56),
(55,70),
(56,84),
(57,98),
(58,12),
(59,26),
(60,40),

(61,54),
(62,68),
(63,82),
(64,96),
(65,10),
(66,24),
(67,38),
(68,52),
(69,66),
(70,80),

(71,94),
(72,8),
(73,22),
(74,36),
(75,50),
(76,64),
(77,78),
(78,92),
(79,6),
(80,20),

(81,34),
(82,48),
(83,62),
(84,76),
(85,90),
(86,4),
(87,18),
(88,32),
(89,46),
(90,60),

(91,74),
(92,88),
(93,2),
(94,16),
(95,30),
(96,44),
(97,58),
(98,72),
(99,86),
(100,100);

-- coupouns
INSERT INTO Coupons
(coupon_code, discount_percent, expiry_date)
VALUES
('WELCOME10',10.00,'2026-12-31'),
('SAVE15',15.00,'2026-11-30'),
('FLAT20',20.00,'2026-10-31'),
('SHOP25',25.00,'2026-09-30'),
('MEGA30',30.00,'2026-08-31'),

('SUMMER10',10.00,'2026-07-31'),
('FESTIVE15',15.00,'2026-12-25'),
('NEWUSER20',20.00,'2026-12-31'),
('WEEKEND25',25.00,'2026-06-30'),
('SUPER30',30.00,'2026-05-31'),

('FLASH5',5.00,'2026-04-30'),
('BIGSALE10',10.00,'2026-03-31'),
('EXTRA15',15.00,'2026-02-28'),
('HOTDEAL20',20.00,'2026-01-31'),
('BONUS25',25.00,'2026-12-15'),

('VIP30',30.00,'2026-11-15'),
('LOYAL10',10.00,'2026-10-15'),
('FIRST15',15.00,'2026-09-15'),
('SPECIAL20',20.00,'2026-08-15'),
('ULTIMATE25',25.00,'2026-07-15');


-- order coupouns
INSERT INTO Order_Coupons
(order_id, coupon_id)
VALUES
(1,1),
(2,2),
(3,3),
(4,4),
(5,5),
(6,6),
(7,7),
(8,8),
(9,9),
(10,10),

(11,11),
(12,12),
(13,13),
(14,14),
(15,15),
(16,16),
(17,17),
(18,18),
(19,19),
(20,20),

(21,1),
(22,2),
(23,3),
(24,4),
(25,5),
(26,6),
(27,7),
(28,8),
(29,9),
(30,10),

(31,11),
(32,12),
(33,13),
(34,14),
(35,15),
(36,16),
(37,17),
(38,18),
(39,19),
(40,20),

(41,1),
(42,3),
(43,5),
(44,7),
(45,9),
(46,11),
(47,13),
(48,15),
(49,17),
(50,19);
